Code,Name,Fixable,Preview,Linter
A001,builtin-variable-shadowing,No,False,flake8-builtins
A002,builtin-argument-shadowing,No,False,flake8-builtins
A003,builtin-attribute-shadowing,No,False,flake8-builtins
AIR001,airflow-variable-name-task-id-mismatch,No,False,Airflow
ANN002,missing-type-args,No,False,flake8-annotations
ANN205,missing-return-type-static-method,Sometimes,False,flake8-annotations
ANN401,any-type,No,False,flake8-annotations
ARG001,unused-function-argument,No,False,flake8-unused-arguments
ARG003,unused-class-method-argument,No,False,flake8-unused-arguments
ARG004,unused-static-method-argument,No,False,flake8-unused-arguments
ARG005,unused-lambda-argument,No,False,flake8-unused-arguments
ASYNC100,blocking-http-call-in-async-function,No,False,flake8-async
ASYNC101,open-sleep-or-subprocess-in-async-function,No,False,flake8-async
ASYNC102,blocking-os-call-in-async-function,No,False,flake8-async
B002,unary-prefix-increment-decrement,No,False,flake8-bugbear
B003,assignment-to-os-environ,No,False,flake8-bugbear
B004,unreliable-callable-check,Sometimes,False,flake8-bugbear
B005,strip-with-multi-characters,No,False,flake8-bugbear
B006,mutable-argument-default,Sometimes,False,flake8-bugbear
B007,unused-loop-control-variable,Sometimes,False,flake8-bugbear
B008,function-call-in-default-argument,No,False,flake8-bugbear
B009,get-attr-with-constant,Always,False,flake8-bugbear
B010,set-attr-with-constant,Always,False,flake8-bugbear
B011,assert-false,Always,False,flake8-bugbear
B012,jump-statement-in-finally,No,False,flake8-bugbear
B013,redundant-tuple-in-exception-handler,Always,False,flake8-bugbear
B014,duplicate-handler-exception,Always,False,flake8-bugbear
B015,useless-comparison,No,False,flake8-bugbear
B016,raise-literal,No,False,flake8-bugbear
B017,assert-raises-exception,No,False,flake8-bugbear
B018,useless-expression,No,False,flake8-bugbear
B019,cached-instance-method,No,False,flake8-bugbear
B020,loop-variable-overrides-iterator,No,False,flake8-bugbear
B021,f-string-docstring,No,False,flake8-bugbear
B022,useless-contextlib-suppress,No,False,flake8-bugbear
B023,function-uses-loop-variable,No,False,flake8-bugbear
B024,abstract-base-class-without-abstract-method,No,False,flake8-bugbear
B025,duplicate-try-block-exception,No,False,flake8-bugbear
B026,star-arg-unpacking-after-keyword-arg,No,False,flake8-bugbear
B027,empty-method-without-abstract-decorator,No,False,flake8-bugbear
B028,no-explicit-stacklevel,No,False,flake8-bugbear
B029,except-with-empty-tuple,No,False,flake8-bugbear
B030,except-with-non-exception-classes,No,False,flake8-bugbear
B031,reuse-of-groupby-generator,No,False,flake8-bugbear
B032,unintentional-type-annotation,No,False,flake8-bugbear
B033,duplicate-value,Sometimes,False,flake8-bugbear
B034,re-sub-positional-args,No,False,flake8-bugbear
B035,static-key-dict-comprehension,No,False,flake8-bugbear
B904,raise-without-from-inside-except,No,False,flake8-bugbear
B905,zip-without-explicit-strict,Always,False,flake8-bugbear
BLE001,blind-except,No,False,flake8-blind-except
C400,unnecessary-generator-list,Always,False,flake8-comprehensions
C401,unnecessary-generator-set,Always,False,flake8-comprehensions
C402,unnecessary-generator-dict,Always,False,flake8-comprehensions
C403,unnecessary-list-comprehension-set,Always,False,flake8-comprehensions
C404,unnecessary-list-comprehension-dict,Always,False,flake8-comprehensions
C405,unnecessary-literal-set,Always,False,flake8-comprehensions
C406,unnecessary-literal-dict,Always,False,flake8-comprehensions
C408,unnecessary-collection-call,Always,False,flake8-comprehensions
C409,unnecessary-literal-within-tuple-call,Always,False,flake8-comprehensions
C410,unnecessary-literal-within-list-call,Always,False,flake8-comprehensions
C411,unnecessary-list-call,Always,False,flake8-comprehensions
C413,unnecessary-call-around-sorted,Always,False,flake8-comprehensions
C414,unnecessary-double-cast-or-process,Always,False,flake8-comprehensions
C415,unnecessary-subscript-reversal,No,False,flake8-comprehensions
C416,unnecessary-comprehension,Always,False,flake8-comprehensions
C417,unnecessary-map,Sometimes,False,flake8-comprehensions
C418,unnecessary-literal-within-dict-call,Always,False,flake8-comprehensions
C419,unnecessary-comprehension-any-all,Sometimes,False,flake8-comprehensions
C901,complex-structure,No,False,mccabe
COM818,trailing-comma-on-bare-tuple,No,False,flake8-commas
COM819,prohibited-trailing-comma,Always,False,flake8-commas
CPY001,missing-copyright-notice,No,True,flake8-copyright
D100,undocumented-public-module,No,False,pydocstyle
D101,undocumented-public-class,No,False,pydocstyle
D102,undocumented-public-method,No,False,pydocstyle
D103,undocumented-public-function,No,False,pydocstyle
D104,undocumented-public-package,No,False,pydocstyle
D105,undocumented-magic-method,No,False,pydocstyle
D106,undocumented-public-nested-class,No,False,pydocstyle
D107,undocumented-public-init,No,False,pydocstyle
D200,fits-on-one-line,Sometimes,False,pydocstyle
D201,no-blank-line-before-function,Always,False,pydocstyle
D202,no-blank-line-after-function,Always,False,pydocstyle
D203,one-blank-line-before-class,Always,False,pydocstyle
D204,one-blank-line-after-class,Always,False,pydocstyle
D205,blank-line-after-summary,Sometimes,False,pydocstyle
D206,indent-with-spaces,No,False,pydocstyle
D207,under-indentation,Always,False,pydocstyle
D208,over-indentation,Always,False,pydocstyle
D209,new-line-after-last-paragraph,Always,False,pydocstyle
D210,surrounding-whitespace,Sometimes,False,pydocstyle
D211,blank-line-before-class,Always,False,pydocstyle
D212,multi-line-summary-first-line,Always,False,pydocstyle
D213,multi-line-summary-second-line,Always,False,pydocstyle
D214,section-not-over-indented,Always,False,pydocstyle
D215,section-underline-not-over-indented,Always,False,pydocstyle
D300,triple-single-quotes,Sometimes,False,pydocstyle
D301,escape-sequence-in-docstring,Sometimes,False,pydocstyle
D400,ends-in-period,Always,False,pydocstyle
D401,non-imperative-mood,No,False,pydocstyle
D402,no-signature,No,False,pydocstyle
D403,first-line-capitalized,Always,False,pydocstyle
D404,docstring-starts-with-this,No,False,pydocstyle
D405,capitalize-section-name,Always,False,pydocstyle
D406,new-line-after-section-name,Always,False,pydocstyle
D407,dashed-underline-after-section,Always,False,pydocstyle
D408,section-underline-after-name,Always,False,pydocstyle
D409,section-underline-matches-section-length,Always,False,pydocstyle
D410,no-blank-line-after-section,Always,False,pydocstyle
D411,no-blank-line-before-section,Always,False,pydocstyle
D412,blank-lines-between-header-and-content,Always,False,pydocstyle
D413,blank-line-after-last-section,Always,False,pydocstyle
D414,empty-docstring-section,No,False,pydocstyle
D415,ends-in-punctuation,Always,False,pydocstyle
D416,section-name-ends-in-colon,Always,False,pydocstyle
D417,undocumented-param,No,False,pydocstyle
D418,overload-with-docstring,No,False,pydocstyle
D419,empty-docstring,No,False,pydocstyle
DJ001,django-nullable-model-string-field,No,False,flake8-django
DJ003,django-locals-in-render-function,No,False,flake8-django
DJ006,django-exclude-with-model-form,No,False,flake8-django
DJ007,django-all-with-model-form,No,False,flake8-django
DJ008,django-model-without-dunder-str,No,False,flake8-django
DJ012,django-unordered-body-content-in-model,No,False,flake8-django
DJ013,django-non-leading-receiver-decorator,No,False,flake8-django
DTZ001,call-datetime-without-tzinfo,No,False,flake8-datetimez
DTZ002,call-datetime-today,No,False,flake8-datetimez
DTZ003,call-datetime-utcnow,No,False,flake8-datetimez
DTZ004,call-datetime-utcfromtimestamp,No,False,flake8-datetimez
DTZ005,call-datetime-now-without-tzinfo,No,False,flake8-datetimez
DTZ006,call-datetime-fromtimestamp,No,False,flake8-datetimez
DTZ011,call-date-today,No,False,flake8-datetimez
DTZ012,call-date-fromtimestamp,No,False,flake8-datetimez
E101,mixed-spaces-and-tabs,No,False,pycodestyle
E111,indentation-with-invalid-multiple,No,True,pycodestyle
E112,no-indented-block,No,True,pycodestyle
E113,unexpected-indentation,No,True,pycodestyle
E114,indentation-with-invalid-multiple-comment,No,True,pycodestyle
E115,no-indented-block-comment,No,True,pycodestyle
E116,unexpected-indentation-comment,No,True,pycodestyle
E117,over-indented,No,True,pycodestyle
E201,whitespace-after-open-bracket,Always,True,pycodestyle
E202,whitespace-before-close-bracket,Always,True,pycodestyle
E203,whitespace-before-punctuation,Always,True,pycodestyle
E211,whitespace-before-parameters,Always,True,pycodestyle
E221,multiple-spaces-before-operator,Always,True,pycodestyle
E222,multiple-spaces-after-operator,Always,True,pycodestyle
E223,tab-before-operator,Always,True,pycodestyle
E224,tab-after-operator,Always,True,pycodestyle
E225,missing-whitespace-around-operator,Always,True,pycodestyle
E226,missing-whitespace-around-arithmetic-operator,Always,True,pycodestyle
E227,missing-whitespace-around-bitwise-or-shift-operator,Always,True,pycodestyle
E228,missing-whitespace-around-modulo-operator,Always,True,pycodestyle
E231,missing-whitespace,Always,True,pycodestyle
E241,multiple-spaces-after-comma,Always,True,pycodestyle
E242,tab-after-comma,Always,True,pycodestyle
E251,unexpected-spaces-around-keyword-parameter-equals,Always,True,pycodestyle
E252,missing-whitespace-around-parameter-equals,Always,True,pycodestyle
E261,too-few-spaces-before-inline-comment,Always,True,pycodestyle
E262,no-space-after-inline-comment,Always,True,pycodestyle
E265,no-space-after-block-comment,Always,True,pycodestyle
E266,multiple-leading-hashes-for-block-comment,Always,True,pycodestyle
E271,multiple-spaces-after-keyword,Always,True,pycodestyle
E272,multiple-spaces-before-keyword,Always,True,pycodestyle
E273,tab-after-keyword,Always,True,pycodestyle
E274,tab-before-keyword,Always,True,pycodestyle
E275,missing-whitespace-after-keyword,Always,True,pycodestyle
E301,blank-line-between-methods,Always,True,pycodestyle
E302,blank-lines-top-level,Always,True,pycodestyle
E303,too-many-blank-lines,Always,True,pycodestyle
E304,blank-line-after-decorator,Always,True,pycodestyle
E305,blank-lines-after-function-or-class,Always,True,pycodestyle
E306,blank-lines-before-nested-definition,Always,True,pycodestyle
E401,multiple-imports-on-one-line,Sometimes,False,pycodestyle
E402,module-import-not-at-top-of-file,No,False,pycodestyle
E501,line-too-long,No,False,pycodestyle
E701,multiple-statements-on-one-line-colon,No,False,pycodestyle
E702,multiple-statements-on-one-line-semicolon,No,False,pycodestyle
E703,useless-semicolon,Always,False,pycodestyle
E711,none-comparison,Always,False,pycodestyle
E712,true-false-comparison,Always,False,pycodestyle
E713,not-in-test,Always,False,pycodestyle
E714,not-is-test,Always,False,pycodestyle
E721,type-comparison,No,False,pycodestyle
E722,bare-except,No,False,pycodestyle
E731,lambda-assignment,Sometimes,False,pycodestyle
E741,ambiguous-variable-name,No,False,pycodestyle
E742,ambiguous-class-name,No,False,pycodestyle
E743,ambiguous-function-name,No,False,pycodestyle
E902,io-error,No,False,pycodestyle
E999,syntax-error,No,False,pycodestyle
EM103,dot-format-in-exception,Sometimes,False,flake8-errmsg
ERA001,commented-out-code,No,False,eradicate
EXE001,shebang-not-executable,No,False,flake8-executable
EXE002,shebang-missing-executable-file,No,False,flake8-executable
EXE003,shebang-missing-python,No,False,flake8-executable
EXE004,shebang-leading-whitespace,Always,False,flake8-executable
EXE005,shebang-not-first-line,No,False,flake8-executable
F401,unused-import,Sometimes,False,Pyflakes
F402,import-shadowed-by-loop-var,No,False,Pyflakes
F403,undefined-local-with-import-star,No,False,Pyflakes
F404,late-future-import,No,False,Pyflakes
F405,undefined-local-with-import-star-usage,No,False,Pyflakes
F406,undefined-local-with-nested-import-star-usage,No,False,Pyflakes
F407,future-feature-not-defined,No,False,Pyflakes
F501,percent-format-invalid-format,No,False,Pyflakes
F502,percent-format-expected-mapping,No,False,Pyflakes
F503,percent-format-expected-sequence,No,False,Pyflakes
F504,percent-format-extra-named-arguments,Always,False,Pyflakes
F505,percent-format-missing-argument,No,False,Pyflakes
F506,percent-format-mixed-positional-and-named,No,False,Pyflakes
F507,percent-format-positional-count-mismatch,No,False,Pyflakes
F508,percent-format-star-requires-sequence,No,False,Pyflakes
F509,percent-format-unsupported-format-character,No,False,Pyflakes
F521,string-dot-format-invalid-format,No,False,Pyflakes
F522,string-dot-format-extra-named-arguments,Sometimes,False,Pyflakes
F523,string-dot-format-extra-positional-arguments,Sometimes,False,Pyflakes
F524,string-dot-format-missing-arguments,No,False,Pyflakes
F525,string-dot-format-mixing-automatic,No,False,Pyflakes
F541,f-string-missing-placeholders,Always,False,Pyflakes
F601,multi-value-repeated-key-literal,Sometimes,False,Pyflakes
F602,multi-value-repeated-key-variable,Sometimes,False,Pyflakes
F621,expressions-in-star-assignment,No,False,Pyflakes
F622,multiple-starred-expressions,No,False,Pyflakes
F631,assert-tuple,No,False,Pyflakes
F632,is-literal,Always,False,Pyflakes
F633,invalid-print-syntax,No,False,Pyflakes
F634,if-tuple,No,False,Pyflakes
F701,break-outside-loop,No,False,Pyflakes
F702,continue-outside-loop,No,False,Pyflakes
F704,yield-outside-function,No,False,Pyflakes
F706,return-outside-function,No,False,Pyflakes
F707,default-except-not-last,No,False,Pyflakes
F722,forward-annotation-syntax-error,No,False,Pyflakes
F811,redefined-while-unused,Sometimes,False,Pyflakes
F821,undefined-name,No,False,Pyflakes
F822,undefined-export,No,False,Pyflakes
F823,undefined-local,No,False,Pyflakes
F841,unused-variable,Sometimes,False,Pyflakes
F842,unused-annotation,No,False,Pyflakes
F901,raise-not-implemented,Sometimes,False,Pyflakes
FA100,future-rewritable-type-annotation,No,False,flake8-future-annotations
FA102,future-required-type-annotation,Always,False,flake8-future-annotations
FBT003,boolean-positional-value-in-call,No,False,flake8-boolean-trap
FIX001,line-contains-fixme,No,False,flake8-fixme
FIX003,line-contains-xxx,No,False,flake8-fixme
FIX004,line-contains-hack,No,False,flake8-fixme
FLY002,static-join-to-f-string,Always,False,flynt
FURB101,read-whole-file,No,True,refurb
FURB105,print-empty-string,Sometimes,True,refurb
FURB113,repeated-append,Sometimes,True,refurb
FURB118,reimplemented-operator,Sometimes,True,refurb
FURB129,readlines-in-for,Always,True,refurb
FURB131,delete-full-slice,Sometimes,True,refurb
FURB132,check-and-remove-from-set,Always,True,refurb
FURB136,if-expr-min-max,Sometimes,True,refurb
FURB140,reimplemented-starmap,Sometimes,True,refurb
FURB145,slice-copy,Sometimes,True,refurb
FURB148,unnecessary-enumerate,Sometimes,True,refurb
FURB152,math-constant,Sometimes,True,refurb
FURB161,bit-count,Always,True,refurb
FURB163,redundant-log-base,Sometimes,True,refurb
FURB167,regex-flag-alias,Always,True,refurb
FURB168,isinstance-type-none,Sometimes,True,refurb
FURB169,type-none-comparison,Sometimes,True,refurb
FURB171,single-item-membership-test,Sometimes,True,refurb
FURB177,implicit-cwd,No,True,refurb
FURB180,meta-class-abc-meta,Always,True,refurb
FURB181,hashlib-digest-hex,Sometimes,True,refurb
G001,logging-string-format,No,False,flake8-logging-format
G002,logging-percent-format,No,False,flake8-logging-format
G003,logging-string-concat,No,False,flake8-logging-format
G004,logging-f-string,No,False,flake8-logging-format
G010,logging-warn,Always,False,flake8-logging-format
G101,logging-extra-attr-clash,No,False,flake8-logging-format
G201,logging-exc-info,No,False,flake8-logging-format
G202,logging-redundant-exc-info,No,False,flake8-logging-format
I001,unsorted-imports,Sometimes,False,isort
I002,missing-required-import,Always,False,isort
ICN001,unconventional-import-alias,Sometimes,False,flake8-import-conventions
ICN002,banned-import-alias,No,False,flake8-import-conventions
ICN003,banned-import-from,No,False,flake8-import-conventions
INT001,f-string-in-get-text-func-call,No,False,flake8-gettext
INT002,format-in-get-text-func-call,No,False,flake8-gettext
INT003,printf-in-get-text-func-call,No,False,flake8-gettext
ISC001,single-line-implicit-string-concatenation,Sometimes,False,flake8-implicit-str-concat
ISC002,multi-line-implicit-string-concatenation,No,False,flake8-implicit-str-concat
ISC003,explicit-string-concatenation,No,False,flake8-implicit-str-concat
LOG001,direct-logger-instantiation,Sometimes,False,flake8-logging
LOG002,invalid-get-logger-argument,Sometimes,False,flake8-logging
LOG007,exception-without-exc-info,No,False,flake8-logging
LOG009,undocumented-warn,Sometimes,False,flake8-logging
N801,invalid-class-name,No,False,pep8-naming
N802,invalid-function-name,No,False,pep8-naming
N803,invalid-argument-name,No,False,pep8-naming
N804,invalid-first-argument-name-for-class-method,No,False,pep8-naming
N805,invalid-first-argument-name-for-method,No,False,pep8-naming
N806,non-lowercase-variable-in-function,No,False,pep8-naming
N807,dunder-function-name,No,False,pep8-naming
N811,constant-imported-as-non-constant,No,False,pep8-naming
N812,lowercase-imported-as-non-lowercase,No,False,pep8-naming
N813,camelcase-imported-as-lowercase,No,False,pep8-naming
N814,camelcase-imported-as-constant,No,False,pep8-naming
N815,mixed-case-variable-in-class-scope,No,False,pep8-naming
N816,mixed-case-variable-in-global-scope,No,False,pep8-naming
N817,camelcase-imported-as-acronym,No,False,pep8-naming
N818,error-suffix-on-exception-name,No,False,pep8-naming
N999,invalid-module-name,No,False,pep8-naming
NPY001,numpy-deprecated-type-alias,Sometimes,False,NumPy-specific rules
NPY002,numpy-legacy-random,No,False,NumPy-specific rules
NPY003,numpy-deprecated-function,Sometimes,False,NumPy-specific rules
NPY201,numpy2-deprecation,Sometimes,False,NumPy-specific rules
PD002,pandas-use-of-inplace-argument,Sometimes,False,pandas-vet
PD003,pandas-use-of-dot-is-null,No,False,pandas-vet
PD004,pandas-use-of-dot-not-null,No,False,pandas-vet
PD007,pandas-use-of-dot-ix,No,False,pandas-vet
PD008,pandas-use-of-dot-at,No,False,pandas-vet
PD009,pandas-use-of-dot-iat,No,False,pandas-vet
PD010,pandas-use-of-dot-pivot-or-unstack,No,False,pandas-vet
PD011,pandas-use-of-dot-values,No,False,pandas-vet
PD012,pandas-use-of-dot-read-table,No,False,pandas-vet
PD013,pandas-use-of-dot-stack,No,False,pandas-vet
PD015,pandas-use-of-pd-merge,No,False,pandas-vet
PD101,pandas-nunique-constant-series-check,No,False,pandas-vet
PERF101,unnecessary-list-cast,Always,False,Perflint
PERF102,incorrect-dict-iterator,Always,False,Perflint
PERF203,try-except-in-loop,No,False,Perflint
PERF401,manual-list-comprehension,No,False,Perflint
PERF402,manual-list-copy,No,False,Perflint
PERF403,manual-dict-comprehension,No,True,Perflint
PGH001,eval,No,False,pygrep-hooks
PGH002,deprecated-log-warn,Sometimes,False,pygrep-hooks
PGH003,blanket-type-ignore,No,False,pygrep-hooks
PGH004,blanket-noqa,No,False,pygrep-hooks
PGH005,invalid-mock-access,No,False,pygrep-hooks
PIE790,unnecessary-placeholder,Always,False,flake8-pie
PIE794,duplicate-class-field-definition,Always,False,flake8-pie
PIE796,non-unique-enums,No,False,flake8-pie
PIE800,unnecessary-spread,Sometimes,False,flake8-pie
PIE804,unnecessary-dict-kwargs,Sometimes,False,flake8-pie
PIE807,reimplemented-container-builtin,Sometimes,False,flake8-pie
PIE808,unnecessary-range-start,Always,False,flake8-pie
PIE810,multiple-starts-ends-with,Always,False,flake8-pie
PLC0105,type-name-incorrect-variance,No,False,Pylint
PLC0131,type-bivariance,No,False,Pylint
PLC0132,type-param-name-mismatch,No,False,Pylint
PLC0205,single-string-slots,No,False,Pylint
PLC0208,iteration-over-set,Always,False,Pylint
PLC0414,useless-import-alias,Always,False,Pylint
PLC0415,import-outside-top-level,No,True,Pylint
PLC1901,compare-to-empty-string,No,True,Pylint
PLC2401,non-ascii-name,No,True,Pylint
PLC2403,non-ascii-import-name,No,True,Pylint
PLC2701,import-private-name,No,True,Pylint
PLC2801,unnecessary-dunder-call,Sometimes,True,Pylint
PLC3002,unnecessary-direct-lambda-call,No,False,Pylint
PLE0100,yield-in-init,No,False,Pylint
PLE0101,return-in-init,No,False,Pylint
PLE0116,continue-in-finally,No,False,Pylint
PLE0117,nonlocal-without-binding,No,False,Pylint
PLE0118,load-before-global-declaration,No,False,Pylint
PLE0237,non-slot-assignment,No,False,Pylint
PLE0241,duplicate-bases,No,False,Pylint
PLE0302,unexpected-special-method-signature,No,False,Pylint
PLE0307,invalid-str-return-type,No,False,Pylint
PLE0604,invalid-all-object,No,False,Pylint
PLE0605,invalid-all-format,No,False,Pylint
PLE0643,potential-index-error,No,True,Pylint
PLE0704,misplaced-bare-raise,No,True,Pylint
PLE1132,repeated-keyword-argument,No,True,Pylint
PLE1142,await-outside-async,No,False,Pylint
PLE1205,logging-too-many-args,No,False,Pylint
PLE1206,logging-too-few-args,No,False,Pylint
PLE1300,bad-string-format-character,No,False,Pylint
PLE1307,bad-string-format-type,No,False,Pylint
PLE1310,bad-str-strip-call,No,False,Pylint
PLE1507,invalid-envvar-value,No,False,Pylint
PLE1700,yield-from-in-async-function,No,False,Pylint
PLE2502,bidirectional-unicode,No,False,Pylint
PLE2510,invalid-character-backspace,Always,False,Pylint
PLE2512,invalid-character-sub,Always,False,Pylint
PLE2513,invalid-character-esc,Always,False,Pylint
PLE2514,invalid-character-nul,Always,False,Pylint
PLE2515,invalid-character-zero-width-space,Always,False,Pylint
PLR0124,comparison-with-itself,No,False,Pylint
PLR0133,comparison-of-constant,No,False,Pylint
PLR0202,no-classmethod-decorator,Always,True,Pylint
PLR0203,no-staticmethod-decorator,Always,True,Pylint
PLR0206,property-with-parameters,No,False,Pylint
PLR0402,manual-from-import,Sometimes,False,Pylint
PLR0904,too-many-public-methods,No,True,Pylint
PLR0911,too-many-return-statements,No,False,Pylint
PLR0912,too-many-branches,No,False,Pylint
PLR0913,too-many-arguments,No,False,Pylint
PLR0914,too-many-locals,No,True,Pylint
PLR0916,too-many-boolean-expressions,No,True,Pylint
PLR0917,too-many-positional,No,True,Pylint
PLR1701,repeated-isinstance-calls,Always,False,Pylint
PLR1702,too-many-nested-blocks,No,True,Pylint
PLR1704,redefined-argument-from-local,No,True,Pylint
PLR1706,and-or-ternary,No,False,Pylint
PLR1711,useless-return,Always,False,Pylint
PLR1714,repeated-equality-comparison,Always,False,Pylint
PLR1722,sys-exit-alias,Sometimes,False,Pylint
PLR1733,unnecessary-dict-index-lookup,Always,True,Pylint
PLR1736,unnecessary-list-index-lookup,Always,True,Pylint
PLR2044,empty-comment,Always,True,Pylint
PLR5501,collapsible-else-if,Sometimes,False,Pylint
PLR6201,literal-membership,Always,True,Pylint
PLR6301,no-self-use,No,True,Pylint
PLW0108,unnecessary-lambda,Always,True,Pylint
PLW0120,useless-else-on-loop,Sometimes,False,Pylint
PLW0127,self-assigning-variable,No,False,Pylint
PLW0129,assert-on-string-literal,No,False,Pylint
PLW0131,named-expr-without-context,No,False,Pylint
PLW0245,super-without-brackets,Always,True,Pylint
PLW0406,import-self,No,False,Pylint
PLW0602,global-variable-not-assigned,No,False,Pylint
PLW0603,global-statement,No,False,Pylint
PLW0604,global-at-module-level,No,True,Pylint
PLW0711,binary-op-exception,No,False,Pylint
PLW1501,bad-open-mode,No,True,Pylint
PLW1508,invalid-envvar-default,No,False,Pylint
PLW1509,subprocess-popen-preexec-fn,No,False,Pylint
PLW1510,subprocess-run-without-check,Always,False,Pylint
PLW1514,unspecified-encoding,Always,True,Pylint
PLW1641,eq-without-hash,No,True,Pylint
PLW2101,useless-with-lock,No,True,Pylint
PLW2901,redefined-loop-name,No,False,Pylint
PLW3201,bad-dunder-method-name,No,True,Pylint
PLW3301,nested-min-max,Sometimes,False,Pylint
PT001,pytest-fixture-incorrect-parentheses-style,Always,False,flake8-pytest-style
PT002,pytest-fixture-positional-args,No,False,flake8-pytest-style
PT003,pytest-extraneous-scope-function,Always,False,flake8-pytest-style
PT004,pytest-missing-fixture-name-underscore,No,False,flake8-pytest-style
PT005,pytest-incorrect-fixture-name-underscore,No,False,flake8-pytest-style
PT006,pytest-parametrize-names-wrong-type,Sometimes,False,flake8-pytest-style
PT007,pytest-parametrize-values-wrong-type,No,False,flake8-pytest-style
PT008,pytest-patch-with-lambda,No,False,flake8-pytest-style
PT009,pytest-unittest-assertion,Sometimes,False,flake8-pytest-style
PT010,pytest-raises-without-exception,No,False,flake8-pytest-style
PT011,pytest-raises-too-broad,No,False,flake8-pytest-style
PT012,pytest-raises-with-multiple-statements,No,False,flake8-pytest-style
PT013,pytest-incorrect-pytest-import,No,False,flake8-pytest-style
PT014,pytest-duplicate-parametrize-test-cases,Sometimes,False,flake8-pytest-style
PT015,pytest-assert-always-false,No,False,flake8-pytest-style
PT016,pytest-fail-without-message,No,False,flake8-pytest-style
PT017,pytest-assert-in-except,No,False,flake8-pytest-style
PT018,pytest-composite-assertion,Sometimes,False,flake8-pytest-style
PT019,pytest-fixture-param-without-value,No,False,flake8-pytest-style
PT020,pytest-deprecated-yield-fixture,No,False,flake8-pytest-style
PT021,pytest-fixture-finalizer-callback,No,False,flake8-pytest-style
PT022,pytest-useless-yield-fixture,Always,False,flake8-pytest-style
PT023,pytest-incorrect-mark-parentheses-style,Always,False,flake8-pytest-style
PT024,pytest-unnecessary-asyncio-mark-on-fixture,Always,False,flake8-pytest-style
PT025,pytest-erroneous-use-fixtures-on-fixture,Always,False,flake8-pytest-style
PT026,pytest-use-fixtures-without-parameters,Always,False,flake8-pytest-style
PT027,pytest-unittest-raises-assertion,Sometimes,False,flake8-pytest-style
PTH100,os-path-abspath,No,False,flake8-use-pathlib
PTH101,os-chmod,No,False,flake8-use-pathlib
PTH102,os-mkdir,No,False,flake8-use-pathlib
PTH103,os-makedirs,No,False,flake8-use-pathlib
PTH104,os-rename,No,False,flake8-use-pathlib
PTH105,os-replace,No,False,flake8-use-pathlib
PTH106,os-rmdir,No,False,flake8-use-pathlib
PTH107,os-remove,No,False,flake8-use-pathlib
PTH108,os-unlink,No,False,flake8-use-pathlib
PTH109,os-getcwd,No,False,flake8-use-pathlib
PTH110,os-path-exists,No,False,flake8-use-pathlib
PTH111,os-path-expanduser,No,False,flake8-use-pathlib
PTH112,os-path-isdir,No,False,flake8-use-pathlib
PTH113,os-path-isfile,No,False,flake8-use-pathlib
PTH114,os-path-islink,No,False,flake8-use-pathlib
PTH115,os-readlink,No,False,flake8-use-pathlib
PTH116,os-stat,No,False,flake8-use-pathlib
PTH117,os-path-isabs,No,False,flake8-use-pathlib
PTH118,os-path-join,No,False,flake8-use-pathlib
PTH119,os-path-basename,No,False,flake8-use-pathlib
PTH120,os-path-dirname,No,False,flake8-use-pathlib
PTH121,os-path-samefile,No,False,flake8-use-pathlib
PTH122,os-path-splitext,No,False,flake8-use-pathlib
PTH123,builtin-open,No,False,flake8-use-pathlib
PTH124,py-path,No,False,flake8-use-pathlib
PTH201,path-constructor-current-directory,Always,False,flake8-use-pathlib
PTH202,os-path-getsize,No,False,flake8-use-pathlib
PTH203,os-path-getatime,No,False,flake8-use-pathlib
PTH204,os-path-getmtime,No,False,flake8-use-pathlib
PTH205,os-path-getctime,No,False,flake8-use-pathlib
PTH206,os-sep-split,No,False,flake8-use-pathlib
PTH207,glob,No,False,flake8-use-pathlib
PYI001,unprefixed-type-param,No,False,flake8-pyi
PYI002,complex-if-statement-in-stub,No,False,flake8-pyi
PYI003,unrecognized-version-info-check,No,False,flake8-pyi
PYI004,patch-version-comparison,No,False,flake8-pyi
PYI005,wrong-tuple-length-version-comparison,No,False,flake8-pyi
PYI006,bad-version-info-comparison,No,False,flake8-pyi
PYI007,unrecognized-platform-check,No,False,flake8-pyi
PYI008,unrecognized-platform-name,No,False,flake8-pyi
PYI009,pass-statement-stub-body,Always,False,flake8-pyi
PYI010,non-empty-stub-body,Always,False,flake8-pyi
PYI011,typed-argument-default-in-stub,Always,False,flake8-pyi
PYI012,pass-in-class-body,Always,False,flake8-pyi
PYI013,ellipsis-in-non-empty-class-body,Sometimes,False,flake8-pyi
PYI014,argument-default-in-stub,Always,False,flake8-pyi
PYI015,assignment-default-in-stub,Always,False,flake8-pyi
PYI016,duplicate-union-member,Sometimes,False,flake8-pyi
PYI017,complex-assignment-in-stub,No,False,flake8-pyi
PYI018,unused-private-type-var,No,False,flake8-pyi
PYI019,custom-type-var-return-type,No,False,flake8-pyi
PYI020,quoted-annotation-in-stub,Always,False,flake8-pyi
PYI021,docstring-in-stub,No,False,flake8-pyi
PYI024,collections-named-tuple,No,False,flake8-pyi
PYI025,unaliased-collections-abc-set-import,Sometimes,False,flake8-pyi
PYI026,type-alias-without-annotation,Always,False,flake8-pyi
PYI029,str-or-repr-defined-in-stub,Always,False,flake8-pyi
PYI030,unnecessary-literal-union,Sometimes,False,flake8-pyi
PYI032,any-eq-ne-annotation,Always,False,flake8-pyi
PYI033,type-comment-in-stub,No,False,flake8-pyi
PYI034,non-self-return-type,No,False,flake8-pyi
PYI035,unassigned-special-variable-in-stub,No,False,flake8-pyi
PYI036,bad-exit-annotation,Sometimes,False,flake8-pyi
PYI041,redundant-numeric-union,No,False,flake8-pyi
PYI042,snake-case-type-alias,No,False,flake8-pyi
PYI043,t-suffixed-type-alias,No,False,flake8-pyi
PYI044,future-annotations-in-stub,No,False,flake8-pyi
PYI045,iter-method-return-iterable,No,False,flake8-pyi
PYI046,unused-private-protocol,No,False,flake8-pyi
PYI047,unused-private-type-alias,No,False,flake8-pyi
PYI048,stub-body-multiple-statements,No,False,flake8-pyi
PYI049,unused-private-typed-dict,No,False,flake8-pyi
PYI050,no-return-argument-annotation-in-stub,No,False,flake8-pyi
PYI051,redundant-literal-union,No,False,flake8-pyi
PYI052,unannotated-assignment-in-stub,No,False,flake8-pyi
PYI053,string-or-bytes-too-long,Always,False,flake8-pyi
PYI054,numeric-literal-too-long,Always,False,flake8-pyi
PYI055,unnecessary-type-union,Sometimes,False,flake8-pyi
PYI056,unsupported-method-call-on-all,No,False,flake8-pyi
PYI058,generator-return-from-iter-method,Sometimes,False,flake8-pyi
Q000,bad-quotes-inline-string,Always,False,flake8-quotes
Q001,bad-quotes-multiline-string,Always,False,flake8-quotes
Q002,bad-quotes-docstring,Always,False,flake8-quotes
Q003,avoidable-escaped-quote,Always,False,flake8-quotes
Q004,unnecessary-escaped-quote,Always,False,flake8-quotes
RET501,unnecessary-return-none,Always,False,flake8-return
RET502,implicit-return-value,Always,False,flake8-return
RET503,implicit-return,Always,False,flake8-return
RET504,unnecessary-assign,Always,False,flake8-return
RET506,superfluous-else-raise,Sometimes,False,flake8-return
RET507,superfluous-else-continue,Sometimes,False,flake8-return
RET508,superfluous-else-break,Sometimes,False,flake8-return
RSE102,unnecessary-paren-on-raise-exception,Always,False,flake8-raise
RUF001,ambiguous-unicode-character-string,No,False,Ruff-specific rules
RUF002,ambiguous-unicode-character-docstring,No,False,Ruff-specific rules
RUF003,ambiguous-unicode-character-comment,No,False,Ruff-specific rules
RUF005,collection-literal-concatenation,Sometimes,False,Ruff-specific rules
RUF006,asyncio-dangling-task,No,False,Ruff-specific rules
RUF007,pairwise-over-zipped,No,False,Ruff-specific rules
RUF008,mutable-dataclass-default,No,False,Ruff-specific rules
RUF009,function-call-in-dataclass-default-argument,No,False,Ruff-specific rules
RUF010,explicit-f-string-type-conversion,Always,False,Ruff-specific rules
RUF011,ruff-static-key-dict-comprehension,No,False,Ruff-specific rules
RUF012,mutable-class-default,No,False,Ruff-specific rules
RUF013,implicit-optional,Sometimes,False,Ruff-specific rules
RUF015,unnecessary-iterable-allocation-for-first-element,Always,False,Ruff-specific rules
RUF016,invalid-index-type,No,False,Ruff-specific rules
RUF017,quadratic-list-summation,Always,False,Ruff-specific rules
RUF018,assignment-in-assert,No,False,Ruff-specific rules
RUF019,unnecessary-key-check,Always,False,Ruff-specific rules
RUF020,never-union,Always,False,Ruff-specific rules
RUF021,parenthesize-chained-operators,Always,True,Ruff-specific rules
RUF022,unsorted-dunder-all,Sometimes,True,Ruff-specific rules
RUF023,unsorted-dunder-slots,Sometimes,True,Ruff-specific rules
RUF024,mutable-fromkeys-value,Sometimes,True,Ruff-specific rules
RUF025,unnecessary-dict-comprehension-for-iterable,Sometimes,True,Ruff-specific rules
RUF026,default-factory-kwarg,Sometimes,True,Ruff-specific rules
RUF027,missing-f-string-syntax,Always,True,Ruff-specific rules
RUF100,unused-noqa,Always,False,Ruff-specific rules
RUF200,invalid-pyproject-toml,No,False,Ruff-specific rules
S102,exec-builtin,No,False,flake8-bandit
S103,bad-file-permissions,No,False,flake8-bandit
S104,hardcoded-bind-all-interfaces,No,False,flake8-bandit
S105,hardcoded-password-string,No,False,flake8-bandit
S106,hardcoded-password-func-arg,No,False,flake8-bandit
S107,hardcoded-password-default,No,False,flake8-bandit
S108,hardcoded-temp-file,No,False,flake8-bandit
S110,try-except-pass,No,False,flake8-bandit
S112,try-except-continue,No,False,flake8-bandit
S113,request-without-timeout,No,False,flake8-bandit
S201,flask-debug-true,No,False,flake8-bandit
S202,tarfile-unsafe-members,No,False,flake8-bandit
S301,suspicious-pickle-usage,No,False,flake8-bandit
S302,suspicious-marshal-usage,No,False,flake8-bandit
S303,suspicious-insecure-hash-usage,No,False,flake8-bandit
S304,suspicious-insecure-cipher-usage,No,False,flake8-bandit
S305,suspicious-insecure-cipher-mode-usage,No,False,flake8-bandit
S306,suspicious-mktemp-usage,No,False,flake8-bandit
S307,suspicious-eval-usage,No,False,flake8-bandit
S308,suspicious-mark-safe-usage,No,False,flake8-bandit
S310,suspicious-url-open-usage,No,False,flake8-bandit
S311,suspicious-non-cryptographic-random-usage,No,False,flake8-bandit
S312,suspicious-telnet-usage,No,False,flake8-bandit
S313,suspicious-xmlc-element-tree-usage,No,False,flake8-bandit
S314,suspicious-xml-element-tree-usage,No,False,flake8-bandit
S315,suspicious-xml-expat-reader-usage,No,False,flake8-bandit
S316,suspicious-xml-expat-builder-usage,No,False,flake8-bandit
S317,suspicious-xml-sax-usage,No,False,flake8-bandit
S318,suspicious-xml-mini-dom-usage,No,False,flake8-bandit
S319,suspicious-xml-pull-dom-usage,No,False,flake8-bandit
S320,suspicious-xmle-tree-usage,No,False,flake8-bandit
S321,suspicious-ftp-lib-usage,No,False,flake8-bandit
S323,suspicious-unverified-context-usage,No,False,flake8-bandit
S324,hashlib-insecure-hash-function,No,False,flake8-bandit
S401,suspicious-telnetlib-import,No,True,flake8-bandit
S402,suspicious-ftplib-import,No,True,flake8-bandit
S403,suspicious-pickle-import,No,True,flake8-bandit
S404,suspicious-subprocess-import,No,True,flake8-bandit
S405,suspicious-xml-etree-import,No,True,flake8-bandit
S406,suspicious-xml-sax-import,No,True,flake8-bandit
S407,suspicious-xml-expat-import,No,True,flake8-bandit
S408,suspicious-xml-minidom-import,No,True,flake8-bandit
S409,suspicious-xml-pulldom-import,No,True,flake8-bandit
S410,suspicious-lxml-import,No,True,flake8-bandit
S411,suspicious-xmlrpc-import,No,True,flake8-bandit
S412,suspicious-httpoxy-import,No,True,flake8-bandit
S413,suspicious-pycrypto-import,No,True,flake8-bandit
S415,suspicious-pyghmi-import,No,True,flake8-bandit
S501,request-with-no-cert-validation,No,False,flake8-bandit
S502,ssl-insecure-version,No,False,flake8-bandit
S503,ssl-with-bad-defaults,No,False,flake8-bandit
S504,ssl-with-no-version,No,False,flake8-bandit
S505,weak-cryptographic-key,No,False,flake8-bandit
S506,unsafe-yaml-load,No,False,flake8-bandit
S507,ssh-no-host-key-verification,No,False,flake8-bandit
S508,snmp-insecure-version,No,False,flake8-bandit
S509,snmp-weak-cryptography,No,False,flake8-bandit
S601,paramiko-call,No,False,flake8-bandit
S602,subprocess-popen-with-shell-equals-true,No,False,flake8-bandit
S603,subprocess-without-shell-equals-true,No,False,flake8-bandit
S604,call-with-shell-equals-true,No,False,flake8-bandit
S605,start-process-with-a-shell,No,False,flake8-bandit
S606,start-process-with-no-shell,No,False,flake8-bandit
S607,start-process-with-partial-path,No,False,flake8-bandit
S608,hardcoded-sql-expression,No,False,flake8-bandit
S609,unix-command-wildcard-injection,No,False,flake8-bandit
S611,django-raw-sql,No,False,flake8-bandit
S612,logging-config-insecure-listen,No,False,flake8-bandit
S701,jinja2-autoescape-false,No,False,flake8-bandit
S702,mako-templates,No,False,flake8-bandit
SIM101,duplicate-isinstance-call,Sometimes,False,flake8-simplify
SIM102,collapsible-if,Sometimes,False,flake8-simplify
SIM103,needless-bool,Sometimes,False,flake8-simplify
SIM105,suppressible-exception,Sometimes,False,flake8-simplify
SIM107,return-in-try-except-finally,No,False,flake8-simplify
SIM108,if-else-block-instead-of-if-exp,Sometimes,False,flake8-simplify
SIM109,compare-with-tuple,Always,False,flake8-simplify
SIM110,reimplemented-builtin,Sometimes,False,flake8-simplify
SIM112,uncapitalized-environment-variables,Sometimes,False,flake8-simplify
SIM113,enumerate-for-loop,No,False,flake8-simplify
SIM114,if-with-same-arms,Sometimes,False,flake8-simplify
SIM115,open-file-with-context-handler,No,False,flake8-simplify
SIM116,if-else-block-instead-of-dict-lookup,No,False,flake8-simplify
SIM117,multiple-with-statements,Sometimes,False,flake8-simplify
SIM118,in-dict-keys,Always,False,flake8-simplify
SIM201,negate-equal-op,Always,False,flake8-simplify
SIM202,negate-not-equal-op,Always,False,flake8-simplify
SIM208,double-negation,Always,False,flake8-simplify
SIM210,if-expr-with-true-false,Sometimes,False,flake8-simplify
SIM211,if-expr-with-false-true,Always,False,flake8-simplify
SIM212,if-expr-with-twisted-arms,Always,False,flake8-simplify
SIM220,expr-and-not-expr,Always,False,flake8-simplify
SIM221,expr-or-not-expr,Always,False,flake8-simplify
SIM222,expr-or-true,Always,False,flake8-simplify
SIM223,expr-and-false,Always,False,flake8-simplify
SIM300,yoda-conditions,Sometimes,False,flake8-simplify
SIM401,if-else-block-instead-of-dict-get,Sometimes,False,flake8-simplify
SIM910,dict-get-with-none-default,Always,False,flake8-simplify
SIM911,zip-dict-keys-and-values,Always,False,flake8-simplify
SLF001,private-member-access,No,False,flake8-self
SLOT000,no-slots-in-str-subclass,No,False,flake8-slots
SLOT001,no-slots-in-tuple-subclass,No,False,flake8-slots
SLOT002,no-slots-in-namedtuple-subclass,No,False,flake8-slots
T100,debugger,No,False,flake8-debugger
T201,print,Sometimes,False,flake8-print
T203,p-print,Sometimes,False,flake8-print
TCH001,typing-only-first-party-import,Sometimes,False,flake8-type-checking
TCH002,typing-only-third-party-import,Sometimes,False,flake8-type-checking
TCH004,runtime-import-in-type-checking-block,Sometimes,False,flake8-type-checking
TCH005,empty-type-checking-block,Always,False,flake8-type-checking
TCH010,runtime-string-union,No,False,flake8-type-checking
TD001,invalid-todo-tag,No,False,flake8-todos
TD004,missing-todo-colon,No,False,flake8-todos
TD005,missing-todo-description,No,False,flake8-todos
TD006,invalid-todo-capitalization,Always,False,flake8-todos
TD007,missing-space-after-todo-colon,No,False,flake8-todos
TID251,banned-api,No,False,flake8-tidy-imports
TID252,relative-imports,Sometimes,False,flake8-tidy-imports
TID253,banned-module-level-imports,No,False,flake8-tidy-imports
TRIO100,trio-timeout-without-await,No,False,flake8-trio
TRIO105,trio-sync-call,Sometimes,False,flake8-trio
TRIO109,trio-async-function-with-timeout,No,False,flake8-trio
TRIO110,trio-unneeded-sleep,No,False,flake8-trio
TRIO115,trio-zero-sleep-call,Always,False,flake8-trio
TRY002,raise-vanilla-class,No,False,tryceratops
TRY004,type-check-without-type-error,No,False,tryceratops
TRY200,reraise-no-cause,No,False,tryceratops
TRY201,verbose-raise,Always,False,tryceratops
TRY300,try-consider-else,No,False,tryceratops
TRY301,raise-within-try,No,False,tryceratops
TRY302,useless-try-except,No,False,tryceratops
TRY400,error-instead-of-exception,Sometimes,False,tryceratops
TRY401,verbose-log-message,No,False,tryceratops
UP001,useless-metaclass-type,Always,False,pyupgrade
UP003,type-of-primitive,Sometimes,False,pyupgrade
UP004,useless-object-inheritance,Always,False,pyupgrade
UP005,deprecated-unittest-alias,Always,False,pyupgrade
UP006,non-pep585-annotation,Sometimes,False,pyupgrade
UP007,non-pep604-annotation,Sometimes,False,pyupgrade
UP008,super-call-with-parameters,Always,False,pyupgrade
UP009,utf8-encoding-declaration,Always,False,pyupgrade
UP010,unnecessary-future-import,Always,False,pyupgrade
UP011,lru-cache-without-parameters,Always,False,pyupgrade
UP012,unnecessary-encode-utf8,Always,False,pyupgrade
UP013,convert-typed-dict-functional-to-class,Sometimes,False,pyupgrade
UP014,convert-named-tuple-functional-to-class,Sometimes,False,pyupgrade
UP015,redundant-open-modes,Always,False,pyupgrade
UP017,datetime-timezone-utc,Sometimes,False,pyupgrade
UP018,native-literals,Always,False,pyupgrade
UP019,typing-text-str-alias,Sometimes,False,pyupgrade
UP020,open-alias,Sometimes,False,pyupgrade
UP021,replace-universal-newlines,Always,False,pyupgrade
UP022,replace-stdout-stderr,Sometimes,False,pyupgrade
UP023,deprecated-c-element-tree,Always,False,pyupgrade
UP024,os-error-alias,Always,False,pyupgrade
UP025,unicode-kind-prefix,Always,False,pyupgrade
UP026,deprecated-mock-import,Always,False,pyupgrade
UP027,unpacked-list-comprehension,Always,False,pyupgrade
UP028,yield-in-for-loop,Always,False,pyupgrade
UP029,unnecessary-builtin-import,Always,False,pyupgrade
UP030,format-literals,Sometimes,False,pyupgrade
UP031,printf-string-formatting,Sometimes,False,pyupgrade
UP032,f-string,Sometimes,False,pyupgrade
UP033,lru-cache-with-maxsize-none,Always,False,pyupgrade
UP034,extraneous-parentheses,Always,False,pyupgrade
UP035,deprecated-import,Sometimes,False,pyupgrade
UP036,outdated-version-block,Sometimes,False,pyupgrade
UP037,quoted-annotation,Always,False,pyupgrade
UP038,non-pep604-isinstance,Always,False,pyupgrade
UP039,unnecessary-class-parentheses,Always,False,pyupgrade
UP040,non-pep695-type-alias,Always,False,pyupgrade
UP041,timeout-error-alias,Always,False,pyupgrade
W191,tab-indentation,No,False,pycodestyle
W291,trailing-whitespace,Always,False,pycodestyle
W292,missing-newline-at-end-of-file,Always,False,pycodestyle
W293,blank-line-with-whitespace,Always,False,pycodestyle
W505,doc-line-too-long,No,False,pycodestyle
W605,invalid-escape-sequence,Always,False,pycodestyle
YTT101,sys-version-slice3,No,False,flake8-2020
YTT102,sys-version2,No,False,flake8-2020
YTT103,sys-version-cmp-str3,No,False,flake8-2020
YTT201,sys-version-info0-eq3,No,False,flake8-2020
YTT202,six-py3,No,False,flake8-2020
YTT203,sys-version-info1-cmp-int,No,False,flake8-2020
YTT204,sys-version-info-minor-cmp-int,No,False,flake8-2020
YTT301,sys-version0,No,False,flake8-2020
YTT302,sys-version-cmp-str10,No,False,flake8-2020
YTT303,sys-version-slice1,No,False,flake8-2020
